id,operation_type,series_id,table_name,records_processed,processing_time_ms,status,error_message,timestamp
1,series_data_save,ACOSS/ACOSS_STAT_QUARTERLY_PAYROLL_EMPLOYMENT/payroll_not_seasonally_adjusted.ASSOC.levels.Q,data_acoss_acoss_stat_quarterly_payroll_emplo_e4463221,0,17,success,,2025-07-13 12:08:47
2,series_data_save,ACOSS/ACOSS_STAT_QUARTERLY_PAYROLL_EMPLOYMENT/payroll_not_seasonally_adjusted.ASSOC.levels.Q,data_acoss_acoss_stat_quarterly_payroll_emplo_e4463221,0,4,success,,2025-07-13 12:08:56
3,series_data_save,ACOSS/ACOSS_STAT_QUARTERLY_PAYROLL_EMPLOYMENT/payroll_not_seasonally_adjusted.CG.levels.Q,data_acoss_acoss_stat_quarterly_payroll_emplo_bc0783a9,0,17,success,,2025-07-13 12:08:56
4,series_data_save,ACOSS/ACOSS_STAT_QUARTERLY_PAYROLL_EMPLOYMENT/payroll_not_seasonally_adjusted.CA.levels.Q,data_acoss_acoss_stat_quarterly_payroll_emplo_5e3122ea,0,17,success,,2025-07-13 12:08:56
5,series_data_save,ACOSS/ACOSS_STAT_QUARTERLY_PAYROLL_EMPLOYMENT/payroll_not_seasonally_adjusted.CH.levels.Q,data_acoss_acoss_stat_quarterly_payroll_emplo_a483a9bc,0,16,success,,2025-07-13 12:08:57
6,series_data_save,ACOSS/ACOSS_STAT_QUARTERLY_PAYROLL_EMPLOYMENT/payroll_not_seasonally_adjusted.CD.levels.Q,data_acoss_acoss_stat_quarterly_payroll_emplo_adc964fb,0,18,success,,2025-07-13 12:08:57
7,series_data_save,ACOSS/ACOSS_STAT_QUARTERLY_PAYROLL_EMPLOYMENT/payroll_not_seasonally_adjusted.BZ.levels.Q,data_acoss_acoss_stat_quarterly_payroll_emplo_048c3e0e,0,18,success,,2025-07-13 12:08:57
8,series_data_save,ACOSS/ACOSS_STAT_QUARTERLY_PAYROLL_EMPLOYMENT/payroll_not_seasonally_adjusted.CC.levels.Q,data_acoss_acoss_stat_quarterly_payroll_emplo_87e8c6f5,0,15,success,,2025-07-13 12:08:57
9,series_data_save,ACOSS/ACOSS_STAT_QUARTERLY_PAYROLL_EMPLOYMENT/payroll_not_seasonally_adjusted.BTP.levels.Q,data_acoss_acoss_stat_quarterly_payroll_emplo_df1aa4d9,0,22,success,,2025-07-13 12:08:57
10,series_data_save,ACOSS/ACOSS_STAT_QUARTERLY_PAYROLL_EMPLOYMENT/payroll_not_seasonally_adjusted.CE.levels.Q,data_acoss_acoss_stat_quarterly_payroll_emplo_b9138c95,0,18,success,,2025-07-13 12:08:57
11,series_data_save,ACOSS/ACOSS_STAT_QUARTERLY_PAYROLL_EMPLOYMENT/payroll_not_seasonally_adjusted.CF.levels.Q,data_acoss_acoss_stat_quarterly_payroll_emplo_be26debc,0,18,success,,2025-07-13 12:08:57
12,series_data_save,ACOSS/ACOSS_STAT_QUARTERLY_PAYROLL_EMPLOYMENT/payroll_not_seasonally_adjusted.CAISSE_CONGES.levels.Q,data_acoss_acoss_stat_quarterly_payroll_emplo_3c70b9b4,0,17,success,,2025-07-13 12:08:57
13,series_data_save,ACOSS/ACOSS_STAT_QUARTERLY_PAYROLL_EMPLOYMENT/payroll_not_seasonally_adjusted.CB.levels.Q,data_acoss_acoss_stat_quarterly_payroll_emplo_ffb2727d,0,18,success,,2025-07-13 12:08:57
14,series_data_save,ACOSS/ACOSS_STAT_QUARTERLY_PAYROLL_EMPLOYMENT/payroll_not_seasonally_adjusted.CI.levels.Q,data_acoss_acoss_stat_quarterly_payroll_emplo_d0ebfd48,0,18,success,,2025-07-13 12:08:57
15,series_data_save,ACOSS/ACOSS_STAT_QUARTERLY_PAYROLL_EMPLOYMENT/payroll_not_seasonally_adjusted.CJ.levels.Q,data_acoss_acoss_stat_quarterly_payroll_emplo_3bebc1b8,0,17,success,,2025-07-13 12:08:57
16,series_data_save,ACOSS/ACOSS_STAT_QUARTERLY_PAYROLL_EMPLOYMENT/payroll_not_seasonally_adjusted.CK.levels.Q,data_acoss_acoss_stat_quarterly_payroll_emplo_5bdab0f7,0,18,success,,2025-07-13 12:08:57
17,series_data_save,ACOSS/ACOSS_STAT_QUARTERLY_PAYROLL_EMPLOYMENT/payroll_not_seasonally_adjusted.CL.levels.Q,data_acoss_acoss_stat_quarterly_payroll_emplo_ea8e2739,0,16,success,,2025-07-13 12:08:57
18,series_data_save,ACOSS/ACOSS_STAT_QUARTERLY_PAYROLL_EMPLOYMENT/payroll_not_seasonally_adjusted.CM.levels.Q,data_acoss_acoss_stat_quarterly_payroll_emplo_2ca81a13,0,30,success,,2025-07-13 12:08:57
19,series_data_save,ACOSS/ACOSS_STAT_QUARTERLY_PAYROLL_EMPLOYMENT/payroll_not_seasonally_adjusted.CONC_INSEE.levels.Q,data_acoss_acoss_stat_quarterly_payroll_emplo_a3ed504f,0,16,success,,2025-07-13 12:08:57
20,series_data_save,ACOSS/ACOSS_STAT_QUARTERLY_PAYROLL_EMPLOYMENT/payroll_not_seasonally_adjusted.DZ.levels.Q,data_acoss_acoss_stat_quarterly_payroll_emplo_374bb344,0,25,success,,2025-07-13 12:08:57
21,series_data_save,ACOSS/ACOSS_STAT_QUARTERLY_PAYROLL_EMPLOYMENT/payroll_not_seasonally_adjusted.FZ.levels.Q,data_acoss_acoss_stat_quarterly_payroll_emplo_d287806d,0,17,success,,2025-07-13 12:08:57
22,series_data_save,ACOSS/ACOSS_STAT_QUARTERLY_PAYROLL_EMPLOYMENT/payroll_not_seasonally_adjusted.GZ.levels.Q,data_acoss_acoss_stat_quarterly_payroll_emplo_a3a1d959,0,17,success,,2025-07-13 12:08:57
23,series_data_save,ACOSS/ACOSS_STAT_QUARTERLY_PAYROLL_EMPLOYMENT/payroll_not_seasonally_adjusted.HZ.levels.Q,data_acoss_acoss_stat_quarterly_payroll_emplo_c27d57cf,0,17,success,,2025-07-13 12:08:57
24,series_data_save,ACOSS/ACOSS_STAT_QUARTERLY_PAYROLL_EMPLOYMENT/payroll_not_seasonally_adjusted.EZ.levels.Q,data_acoss_acoss_stat_quarterly_payroll_emplo_dc79df7f,0,17,success,,2025-07-13 12:08:57
25,series_data_save,ACOSS/ACOSS_STAT_QUARTERLY_PAYROLL_EMPLOYMENT/payroll_not_seasonally_adjusted.INDUSTRIE.levels.Q,data_acoss_acoss_stat_quarterly_payroll_emplo_2aef74b3,0,17,success,,2025-07-13 12:08:57
26,series_data_save,ACOSS/ACOSS_STAT_QUARTERLY_PAYROLL_EMPLOYMENT/payroll_not_seasonally_adjusted.ISBLSM.levels.Q,data_acoss_acoss_stat_quarterly_payroll_emplo_0777f395,0,19,success,,2025-07-13 12:08:57
27,series_data_save,ACOSS/ACOSS_STAT_QUARTERLY_PAYROLL_EMPLOYMENT/payroll_not_seasonally_adjusted.INTERIM.levels.Q,data_acoss_acoss_stat_quarterly_payroll_emplo_e1f805a8,0,20,success,,2025-07-13 12:08:57
28,series_data_save,ACOSS/ACOSS_STAT_QUARTERLY_PAYROLL_EMPLOYMENT/payroll_not_seasonally_adjusted.IZ.levels.Q,data_acoss_acoss_stat_quarterly_payroll_emplo_30734a43,0,19,success,,2025-07-13 12:08:58
29,series_data_save,ACOSS/ACOSS_STAT_QUARTERLY_PAYROLL_EMPLOYMENT/payroll_not_seasonally_adjusted.JB.levels.Q,data_acoss_acoss_stat_quarterly_payroll_emplo_71a05183,0,19,success,,2025-07-13 12:08:58
30,series_data_save,ACOSS/ACOSS_STAT_QUARTERLY_PAYROLL_EMPLOYMENT/payroll_not_seasonally_adjusted.JA.levels.Q,data_acoss_acoss_stat_quarterly_payroll_emplo_59b170ee,0,18,success,,2025-07-13 12:08:58
31,series_data_save,ACOSS/ACOSS_STAT_QUARTERLY_PAYROLL_EMPLOYMENT/payroll_not_seasonally_adjusted.JC.levels.Q,data_acoss_acoss_stat_quarterly_payroll_emplo_24b76052,0,19,success,,2025-07-13 12:08:58
32,series_data_save,ACOSS/ACOSS_STAT_QUARTERLY_PAYROLL_EMPLOYMENT/payroll_not_seasonally_adjusted.KZ.levels.Q,data_acoss_acoss_stat_quarterly_payroll_emplo_e6558119,0,19,success,,2025-07-13 12:08:58
33,series_data_save,ACOSS/ACOSS_STAT_QUARTERLY_PAYROLL_EMPLOYMENT/payroll_not_seasonally_adjusted.LZ.levels.Q,data_acoss_acoss_stat_quarterly_payroll_emplo_cf81ca37,0,18,success,,2025-07-13 12:08:58
34,series_data_save,ACOSS/ACOSS_STAT_QUARTERLY_PAYROLL_EMPLOYMENT/payroll_not_seasonally_adjusted.MA.levels.Q,data_acoss_acoss_stat_quarterly_payroll_emplo_1b87f986,0,19,success,,2025-07-13 12:08:58
35,series_data_save,ACOSS/ACOSS_STAT_QUARTERLY_PAYROLL_EMPLOYMENT/payroll_not_seasonally_adjusted.MB.levels.Q,data_acoss_acoss_stat_quarterly_payroll_emplo_5d4b6560,0,20,success,,2025-07-13 12:08:58
36,series_data_save,ACOSS/ACOSS_STAT_QUARTERLY_PAYROLL_EMPLOYMENT/payroll_not_seasonally_adjusted.MC.levels.Q,data_acoss_acoss_stat_quarterly_payroll_emplo_d974001e,0,20,success,,2025-07-13 12:08:58
37,series_data_save,ACOSS/ACOSS_STAT_QUARTERLY_PAYROLL_EMPLOYMENT/payroll_not_seasonally_adjusted.N30.levels.Q,data_acoss_acoss_stat_quarterly_payroll_emplo_361c59f3,0,19,success,,2025-07-13 12:08:58
38,series_data_save,ACOSS/ACOSS_STAT_QUARTERLY_PAYROLL_EMPLOYMENT/payroll_not_seasonally_adjusted.N29.levels.Q,data_acoss_acoss_stat_quarterly_payroll_emplo_d7d6fe81,0,36,success,,2025-07-13 12:08:58
39,series_data_save,ACOSS/ACOSS_STAT_QUARTERLY_PAYROLL_EMPLOYMENT/payroll_not_seasonally_adjusted.N42.levels.Q,data_acoss_acoss_stat_quarterly_payroll_emplo_aa00c09d,0,19,success,,2025-07-13 12:08:58
40,series_data_save,ACOSS/ACOSS_STAT_QUARTERLY_PAYROLL_EMPLOYMENT/payroll_not_seasonally_adjusted.N41.levels.Q,data_acoss_acoss_stat_quarterly_payroll_emplo_92b49237,0,19,success,,2025-07-13 12:08:58
41,series_data_save,ACOSS/ACOSS_STAT_QUARTERLY_PAYROLL_EMPLOYMENT/payroll_not_seasonally_adjusted.N43.levels.Q,data_acoss_acoss_stat_quarterly_payroll_emplo_09cad5e0,0,18,success,,2025-07-13 12:08:58
42,series_data_save,ACOSS/ACOSS_STAT_QUARTERLY_PAYROLL_EMPLOYMENT/payroll_not_seasonally_adjusted.N45.levels.Q,data_acoss_acoss_stat_quarterly_payroll_emplo_8a164780,0,18,success,,2025-07-13 12:08:58
43,series_data_save,ACOSS/ACOSS_STAT_QUARTERLY_PAYROLL_EMPLOYMENT/payroll_not_seasonally_adjusted.N47.levels.Q,data_acoss_acoss_stat_quarterly_payroll_emplo_82e9d6d9,0,20,success,,2025-07-13 12:08:58
44,series_data_save,ACOSS/ACOSS_STAT_QUARTERLY_PAYROLL_EMPLOYMENT/payroll_not_seasonally_adjusted.N46.levels.Q,data_acoss_acoss_stat_quarterly_payroll_emplo_3348c2c1,0,19,success,,2025-07-13 12:08:58
45,series_data_save,ACOSS/ACOSS_STAT_QUARTERLY_PAYROLL_EMPLOYMENT/payroll_not_seasonally_adjusted.N55.levels.Q,data_acoss_acoss_stat_quarterly_payroll_emplo_9b91043a,0,21,success,,2025-07-13 12:08:58
46,series_data_save,ACOSS/ACOSS_STAT_QUARTERLY_PAYROLL_EMPLOYMENT/payroll_not_seasonally_adjusted.N56.levels.Q,data_acoss_acoss_stat_quarterly_payroll_emplo_a307fff1,0,19,success,,2025-07-13 12:08:58
47,series_data_save,ACOSS/ACOSS_STAT_QUARTERLY_PAYROLL_EMPLOYMENT/payroll_not_seasonally_adjusted.NZ.levels.Q,data_acoss_acoss_stat_quarterly_payroll_emplo_242154a6,0,24,success,,2025-07-13 12:08:58
48,series_data_save,ACOSS/ACOSS_STAT_QUARTERLY_PAYROLL_EMPLOYMENT/payroll_not_seasonally_adjusted.OZ.levels.Q,data_acoss_acoss_stat_quarterly_payroll_emplo_066bfcb4,0,36,success,,2025-07-13 12:08:58
49,series_data_save,ACOSS/ACOSS_STAT_QUARTERLY_PAYROLL_EMPLOYMENT/payroll_not_seasonally_adjusted.PZ.levels.Q,data_acoss_acoss_stat_quarterly_payroll_emplo_17046b21,0,19,success,,2025-07-13 12:08:58
50,series_data_save,ACOSS/ACOSS_STAT_QUARTERLY_PAYROLL_EMPLOYMENT/payroll_not_seasonally_adjusted.OQ.levels.Q,data_acoss_acoss_stat_quarterly_payroll_emplo_b4688172,0,19,success,,2025-07-13 12:08:58
51,series_data_save,ACOSS/ACOSS_STAT_QUARTERLY_PAYROLL_EMPLOYMENT/payroll_not_seasonally_adjusted.QB.levels.Q,data_acoss_acoss_stat_quarterly_payroll_emplo_a8a36043,0,19,success,,2025-07-13 12:08:58
52,series_data_save,ACOSS/ACOSS_STAT_QUARTERLY_PAYROLL_EMPLOYMENT/payroll_not_seasonally_adjusted.QA.levels.Q,data_acoss_acoss_stat_quarterly_payroll_emplo_4fc5ee0e,0,29,success,,2025-07-13 12:08:59
53,series_data_save,ACOSS/ACOSS_STAT_QUARTERLY_PAYROLL_EMPLOYMENT/payroll_not_seasonally_adjusted.SZ.levels.Q,data_acoss_acoss_stat_quarterly_payroll_emplo_037bc241,0,19,success,,2025-07-13 12:08:59
54,series_data_save,ACOSS/ACOSS_STAT_QUARTERLY_PAYROLL_EMPLOYMENT/payroll_not_seasonally_adjusted.RZ.levels.Q,data_acoss_acoss_stat_quarterly_payroll_emplo_fe95ffbd,0,20,success,,2025-07-13 12:08:59
55,series_data_save,ACOSS/ACOSS_STAT_QUARTERLY_PAYROLL_EMPLOYMENT/payroll_not_seasonally_adjusted.TERTIAIRE.levels.Q,data_acoss_acoss_stat_quarterly_payroll_emplo_dd8b9058,0,20,success,,2025-07-13 12:08:59
56,series_data_save,ACOSS/ACOSS_STAT_QUARTERLY_PAYROLL_EMPLOYMENT/payroll_not_seasonally_adjusted.TERT_INTERIM.levels.Q,data_acoss_acoss_stat_quarterly_payroll_emplo_609f978e,0,20,success,,2025-07-13 12:08:59
57,series_data_save,ACOSS/ACOSS_STAT_QUARTERLY_PAYROLL_EMPLOYMENT/payroll_not_seasonally_adjusted.TOT.levels.Q,data_acoss_acoss_stat_quarterly_payroll_emplo_c15826de,0,19,success,,2025-07-13 12:08:59
58,series_data_save,ACOSS/ACOSS_STAT_QUARTERLY_PAYROLL_EMPLOYMENT/payroll_not_seasonally_adjusted.TOT_INTERIM.levels.Q,data_acoss_acoss_stat_quarterly_payroll_emplo_79d019df,0,18,success,,2025-07-13 12:08:59
59,series_data_save,ACOSS/ACOSS_STAT_QUARTERLY_PAYROLL_EMPLOYMENT/payroll_not_seasonally_adjusted.Tert_March.levels.Q,data_acoss_acoss_stat_quarterly_payroll_emplo_2e7443b4,0,20,success,,2025-07-13 12:08:59
60,series_data_save,ACOSS/ACOSS_STAT_QUARTERLY_PAYROLL_EMPLOYMENT/payroll_not_seasonally_adjusted.TZ.levels.Q,data_acoss_acoss_stat_quarterly_payroll_emplo_89cdc69d,0,21,success,,2025-07-13 12:08:59
61,series_data_save,ACOSS/ACOSS_STAT_QUARTERLY_PAYROLL_EMPLOYMENT/payroll_seasonally_adjusted.ASSOC.levels.Q,data_acoss_acoss_stat_quarterly_payroll_emplo_f34e2fd5,0,36,success,,2025-07-13 12:08:59
62,series_data_save,ACOSS/ACOSS_STAT_QUARTERLY_PAYROLL_EMPLOYMENT/payroll_seasonally_adjusted.BTP.levels.Q,data_acoss_acoss_stat_quarterly_payroll_emplo_c5d37669,0,67,success,,2025-07-13 12:08:59
63,series_data_save,ACOSS/ACOSS_STAT_QUARTERLY_PAYROLL_EMPLOYMENT/payroll_seasonally_adjusted.BZ.levels.Q,data_acoss_acoss_stat_quarterly_payroll_emplo_48f8983d,0,21,success,,2025-07-13 12:08:59
64,series_data_save,ACOSS/ACOSS_STAT_QUARTERLY_PAYROLL_EMPLOYMENT/payroll_seasonally_adjusted.CA.levels.Q,data_acoss_acoss_stat_quarterly_payroll_emplo_1362dd4d,0,21,success,,2025-07-13 12:08:59
65,series_data_save,ACOSS/ACOSS_STAT_QUARTERLY_PAYROLL_EMPLOYMENT/payroll_seasonally_adjusted.CAISSE_CONGES.levels.Q,data_acoss_acoss_stat_quarterly_payroll_emplo_a25c51d3,0,18,success,,2025-07-13 12:08:59
66,series_data_save,ACOSS/ACOSS_STAT_QUARTERLY_PAYROLL_EMPLOYMENT/payroll_seasonally_adjusted.CB.levels.Q,data_acoss_acoss_stat_quarterly_payroll_emplo_dbc8c7a8,0,18,success,,2025-07-13 12:08:59
67,series_data_save,ACOSS/ACOSS_STAT_QUARTERLY_PAYROLL_EMPLOYMENT/payroll_seasonally_adjusted.CC.levels.Q,data_acoss_acoss_stat_quarterly_payroll_emplo_1439702f,0,18,success,,2025-07-13 12:08:59
68,series_data_save,ACOSS/ACOSS_STAT_QUARTERLY_PAYROLL_EMPLOYMENT/payroll_seasonally_adjusted.CD.levels.Q,data_acoss_acoss_stat_quarterly_payroll_emplo_0b6d9e44,0,18,success,,2025-07-13 12:08:59
69,series_data_save,ACOSS/ACOSS_STAT_QUARTERLY_PAYROLL_EMPLOYMENT/payroll_seasonally_adjusted.CE.levels.Q,data_acoss_acoss_stat_quarterly_payroll_emplo_2b507163,0,18,success,,2025-07-13 12:08:59
70,series_data_save,ACOSS/ACOSS_STAT_QUARTERLY_PAYROLL_EMPLOYMENT/payroll_seasonally_adjusted.CF.levels.Q,data_acoss_acoss_stat_quarterly_payroll_emplo_64094f4d,0,22,success,,2025-07-13 12:08:59
71,series_data_save,ACOSS/ACOSS_STAT_QUARTERLY_PAYROLL_EMPLOYMENT/payroll_seasonally_adjusted.CG.levels.Q,data_acoss_acoss_stat_quarterly_payroll_emplo_dd55d9e2,0,20,success,,2025-07-13 12:08:59
72,series_data_save,ACOSS/ACOSS_STAT_QUARTERLY_PAYROLL_EMPLOYMENT/payroll_seasonally_adjusted.CH.levels.Q,data_acoss_acoss_stat_quarterly_payroll_emplo_16442409,0,21,success,,2025-07-13 12:08:59
73,series_data_save,ACOSS/ACOSS_STAT_QUARTERLY_PAYROLL_EMPLOYMENT/payroll_seasonally_adjusted.CI.levels.Q,data_acoss_acoss_stat_quarterly_payroll_emplo_d031664c,0,20,success,,2025-07-13 12:08:59
74,series_data_save,ACOSS/ACOSS_STAT_QUARTERLY_PAYROLL_EMPLOYMENT/payroll_seasonally_adjusted.CK.levels.Q,data_acoss_acoss_stat_quarterly_payroll_emplo_3c9aba7b,0,21,success,,2025-07-13 12:09:00
75,series_data_save,ACOSS/ACOSS_STAT_QUARTERLY_PAYROLL_EMPLOYMENT/payroll_seasonally_adjusted.CJ.levels.Q,data_acoss_acoss_stat_quarterly_payroll_emplo_bf584e7b,0,21,success,,2025-07-13 12:09:00
76,series_data_save,ACOSS/ACOSS_STAT_QUARTERLY_PAYROLL_EMPLOYMENT/payroll_seasonally_adjusted.CM.levels.Q,data_acoss_acoss_stat_quarterly_payroll_emplo_8e3df63e,0,20,success,,2025-07-13 12:09:00
77,series_data_save,ACOSS/ACOSS_STAT_QUARTERLY_PAYROLL_EMPLOYMENT/payroll_seasonally_adjusted.CL.levels.Q,data_acoss_acoss_stat_quarterly_payroll_emplo_22bb2605,0,20,success,,2025-07-13 12:09:00
78,series_data_save,ACOSS/ACOSS_STAT_QUARTERLY_PAYROLL_EMPLOYMENT/payroll_seasonally_adjusted.CONC_INSEE.levels.Q,data_acoss_acoss_stat_quarterly_payroll_emplo_06dd3c0a,0,19,success,,2025-07-13 12:09:00
79,series_data_save,ACOSS/ACOSS_STAT_QUARTERLY_PAYROLL_EMPLOYMENT/payroll_seasonally_adjusted.DZ.levels.Q,data_acoss_acoss_stat_quarterly_payroll_emplo_f0388c1a,0,19,success,,2025-07-13 12:09:00
80,series_data_save,ACOSS/ACOSS_STAT_QUARTERLY_PAYROLL_EMPLOYMENT/payroll_seasonally_adjusted.EZ.levels.Q,data_acoss_acoss_stat_quarterly_payroll_emplo_6bd01d05,0,18,success,,2025-07-13 12:09:00
81,series_data_save,ACOSS/ACOSS_STAT_QUARTERLY_PAYROLL_EMPLOYMENT/payroll_seasonally_adjusted.FZ.levels.Q,data_acoss_acoss_stat_quarterly_payroll_emplo_d75ee78c,0,21,success,,2025-07-13 12:09:00
82,series_data_save,ACOSS/ACOSS_STAT_QUARTERLY_PAYROLL_EMPLOYMENT/payroll_seasonally_adjusted.GZ.levels.Q,data_acoss_acoss_stat_quarterly_payroll_emplo_cdbe07ef,0,21,success,,2025-07-13 12:09:00
83,series_data_save,ACOSS/ACOSS_STAT_QUARTERLY_PAYROLL_EMPLOYMENT/payroll_seasonally_adjusted.HZ.levels.Q,data_acoss_acoss_stat_quarterly_payroll_emplo_6eb91be4,0,21,success,,2025-07-13 12:09:00
84,series_data_save,ACOSS/ACOSS_STAT_QUARTERLY_PAYROLL_EMPLOYMENT/payroll_seasonally_adjusted.INTERIM.levels.Q,data_acoss_acoss_stat_quarterly_payroll_emplo_a3cb0da5,0,21,success,,2025-07-13 12:09:00
85,series_data_save,ACOSS/ACOSS_STAT_QUARTERLY_PAYROLL_EMPLOYMENT/payroll_seasonally_adjusted.IZ.levels.Q,data_acoss_acoss_stat_quarterly_payroll_emplo_9abbeff3,0,19,success,,2025-07-13 12:09:00
86,series_data_save,ACOSS/ACOSS_STAT_QUARTERLY_PAYROLL_EMPLOYMENT/payroll_seasonally_adjusted.INDUSTRIE.levels.Q,data_acoss_acoss_stat_quarterly_payroll_emplo_6a22f60a,0,31,success,,2025-07-13 12:09:00
87,series_data_save,ACOSS/ACOSS_STAT_QUARTERLY_PAYROLL_EMPLOYMENT/payroll_seasonally_adjusted.JB.levels.Q,data_acoss_acoss_stat_quarterly_payroll_emplo_45882ba0,0,21,success,,2025-07-13 12:09:00
88,series_data_save,ACOSS/ACOSS_STAT_QUARTERLY_PAYROLL_EMPLOYMENT/payroll_seasonally_adjusted.JA.levels.Q,data_acoss_acoss_stat_quarterly_payroll_emplo_c24aef3f,0,19,success,,2025-07-13 12:09:00
89,series_data_save,ACOSS/ACOSS_STAT_QUARTERLY_PAYROLL_EMPLOYMENT/payroll_seasonally_adjusted.JC.levels.Q,data_acoss_acoss_stat_quarterly_payroll_emplo_dccce8fd,0,20,success,,2025-07-13 12:09:00
90,series_data_save,ACOSS/ACOSS_STAT_QUARTERLY_PAYROLL_EMPLOYMENT/payroll_seasonally_adjusted.KZ.levels.Q,data_acoss_acoss_stat_quarterly_payroll_emplo_16f558c3,0,36,success,,2025-07-13 12:09:00
91,series_data_save,ACOSS/ACOSS_STAT_QUARTERLY_PAYROLL_EMPLOYMENT/payroll_seasonally_adjusted.LZ.levels.Q,data_acoss_acoss_stat_quarterly_payroll_emplo_a5e33678,0,22,success,,2025-07-13 12:09:00
92,series_data_save,ACOSS/ACOSS_STAT_QUARTERLY_PAYROLL_EMPLOYMENT/payroll_seasonally_adjusted.MA.levels.Q,data_acoss_acoss_stat_quarterly_payroll_emplo_dc3bb7f9,0,21,success,,2025-07-13 12:09:00
93,series_data_save,ACOSS/ACOSS_STAT_QUARTERLY_PAYROLL_EMPLOYMENT/payroll_seasonally_adjusted.MC.levels.Q,data_acoss_acoss_stat_quarterly_payroll_emplo_9141000e,0,20,success,,2025-07-13 12:09:00
94,series_data_save,ACOSS/ACOSS_STAT_QUARTERLY_PAYROLL_EMPLOYMENT/payroll_seasonally_adjusted.MB.levels.Q,data_acoss_acoss_stat_quarterly_payroll_emplo_6a7771c6,0,35,success,,2025-07-13 12:09:00
95,series_data_save,ACOSS/ACOSS_STAT_QUARTERLY_PAYROLL_EMPLOYMENT/payroll_seasonally_adjusted.N29.levels.Q,data_acoss_acoss_stat_quarterly_payroll_emplo_64844d05,0,23,success,,2025-07-13 12:09:00
96,series_data_save,ACOSS/ACOSS_STAT_QUARTERLY_PAYROLL_EMPLOYMENT/payroll_seasonally_adjusted.N41.levels.Q,data_acoss_acoss_stat_quarterly_payroll_emplo_fd10a303,0,21,success,,2025-07-13 12:09:00
97,series_data_save,ACOSS/ACOSS_STAT_QUARTERLY_PAYROLL_EMPLOYMENT/payroll_seasonally_adjusted.N30.levels.Q,data_acoss_acoss_stat_quarterly_payroll_emplo_34f5ebd3,0,24,success,,2025-07-13 12:09:01
98,series_data_save,ACOSS/ACOSS_STAT_QUARTERLY_PAYROLL_EMPLOYMENT/payroll_seasonally_adjusted.N42.levels.Q,data_acoss_acoss_stat_quarterly_payroll_emplo_ee30a60c,0,23,success,,2025-07-13 12:09:01
99,series_data_save,ACOSS/ACOSS_STAT_QUARTERLY_PAYROLL_EMPLOYMENT/payroll_seasonally_adjusted.N43.levels.Q,data_acoss_acoss_stat_quarterly_payroll_emplo_01245104,0,23,success,,2025-07-13 12:09:01
100,series_data_save,ACOSS/ACOSS_STAT_QUARTERLY_PAYROLL_EMPLOYMENT/payroll_seasonally_adjusted.N45.levels.Q,data_acoss_acoss_stat_quarterly_payroll_emplo_2cf31a9d,0,21,success,,2025-07-13 12:09:01
101,series_data_save,ACOSS/ACOSS_STAT_QUARTERLY_PAYROLL_EMPLOYMENT/payroll_seasonally_adjusted.N47.levels.Q,data_acoss_acoss_stat_quarterly_payroll_emplo_0c890a91,0,22,success,,2025-07-13 12:09:01
102,series_data_save,ACOSS/ACOSS_STAT_QUARTERLY_PAYROLL_EMPLOYMENT/payroll_seasonally_adjusted.N46.levels.Q,data_acoss_acoss_stat_quarterly_payroll_emplo_df47a7ec,0,22,success,,2025-07-13 12:09:01
103,series_data_save,ACOSS/ACOSS_STAT_QUARTERLY_PAYROLL_EMPLOYMENT/payroll_seasonally_adjusted.N56.levels.Q,data_acoss_acoss_stat_quarterly_payroll_emplo_645472be,0,20,success,,2025-07-13 12:09:01
104,series_data_save,ACOSS/ACOSS_STAT_QUARTERLY_PAYROLL_EMPLOYMENT/payroll_seasonally_adjusted.NZ.levels.Q,data_acoss_acoss_stat_quarterly_payroll_emplo_463c3a29,0,21,success,,2025-07-13 12:09:01
105,series_data_save,ACOSS/ACOSS_STAT_QUARTERLY_PAYROLL_EMPLOYMENT/payroll_seasonally_adjusted.OQ.levels.Q,data_acoss_acoss_stat_quarterly_payroll_emplo_5f8dfe3c,0,21,success,,2025-07-13 12:09:01
106,series_data_save,ACOSS/ACOSS_STAT_QUARTERLY_PAYROLL_EMPLOYMENT/payroll_seasonally_adjusted.N55.levels.Q,data_acoss_acoss_stat_quarterly_payroll_emplo_a8189a1c,0,20,success,,2025-07-13 12:09:01
107,series_data_save,ACOSS/ACOSS_STAT_QUARTERLY_PAYROLL_EMPLOYMENT/payroll_seasonally_adjusted.OZ.levels.Q,data_acoss_acoss_stat_quarterly_payroll_emplo_ef013e99,0,19,success,,2025-07-13 12:09:01
108,series_data_save,ACOSS/ACOSS_STAT_QUARTERLY_PAYROLL_EMPLOYMENT/payroll_seasonally_adjusted.PZ.levels.Q,data_acoss_acoss_stat_quarterly_payroll_emplo_3a341dc1,0,39,success,,2025-07-13 12:09:01
109,series_data_save,ACOSS/ACOSS_STAT_QUARTERLY_PAYROLL_EMPLOYMENT/payroll_seasonally_adjusted.QB.levels.Q,data_acoss_acoss_stat_quarterly_payroll_emplo_5ef0f923,0,53,success,,2025-07-13 12:09:01
110,series_data_save,ACOSS/ACOSS_STAT_QUARTERLY_PAYROLL_EMPLOYMENT/payroll_seasonally_adjusted.QA.levels.Q,data_acoss_acoss_stat_quarterly_payroll_emplo_453450b5,0,19,success,,2025-07-13 12:09:01
111,series_data_save,ACOSS/ACOSS_STAT_QUARTERLY_PAYROLL_EMPLOYMENT/payroll_seasonally_adjusted.RZ.levels.Q,data_acoss_acoss_stat_quarterly_payroll_emplo_79a2d531,0,31,success,,2025-07-13 12:09:01
112,series_data_save,ACOSS/ACOSS_STAT_QUARTERLY_PAYROLL_EMPLOYMENT/payroll_seasonally_adjusted.TERTIAIRE.levels.Q,data_acoss_acoss_stat_quarterly_payroll_emplo_f7f694da,0,20,success,,2025-07-13 12:09:01
113,series_data_save,ACOSS/ACOSS_STAT_QUARTERLY_PAYROLL_EMPLOYMENT/payroll_seasonally_adjusted.SZ.levels.Q,data_acoss_acoss_stat_quarterly_payroll_emplo_0f962244,0,21,success,,2025-07-13 12:09:01
114,series_data_save,ACOSS/ACOSS_STAT_QUARTERLY_PAYROLL_EMPLOYMENT/payroll_seasonally_adjusted.TERT_INTERIM.levels.Q,data_acoss_acoss_stat_quarterly_payroll_emplo_3d4b4247,0,24,success,,2025-07-13 12:09:01
115,series_data_save,ACOSS/ACOSS_STAT_QUARTERLY_PAYROLL_EMPLOYMENT/payroll_seasonally_adjusted.TOT_INTERIM.levels.Q,data_acoss_acoss_stat_quarterly_payroll_emplo_01fc820c,0,23,success,,2025-07-13 12:09:01
116,series_data_save,ACOSS/ACOSS_STAT_QUARTERLY_PAYROLL_EMPLOYMENT/payroll_seasonally_adjusted.TZ.levels.Q,data_acoss_acoss_stat_quarterly_payroll_emplo_e825cbe1,0,21,success,,2025-07-13 12:09:01
117,series_data_save,ACOSS/ACOSS_STAT_QUARTERLY_PAYROLL_EMPLOYMENT/payroll_seasonally_adjusted.TOT.levels.Q,data_acoss_acoss_stat_quarterly_payroll_emplo_5503afbe,0,22,success,,2025-07-13 12:09:01
118,series_data_save,ACOSS/ACOSS_STAT_QUARTERLY_PAYROLL_EMPLOYMENT/payroll_seasonally_adjusted.Tert_March.levels.Q,data_acoss_acoss_stat_quarterly_payroll_emplo_01594779,0,27,success,,2025-07-13 12:09:01
119,series_data_save,ACOSS/ACOSS_STAT_QUARTERLY_PAYROLL_EMPLOYMENT/workforce_not_seasonally_adjusted.ASSOC.levels.Q,data_acoss_acoss_stat_quarterly_payroll_emplo_4700f8dd,0,23,success,,2025-07-13 12:09:02
120,series_data_save,ACOSS/ACOSS_STAT_QUARTERLY_PAYROLL_EMPLOYMENT/workforce_not_seasonally_adjusted.BTP.levels.Q,data_acoss_acoss_stat_quarterly_payroll_emplo_4afc9fb3,0,23,success,,2025-07-13 12:09:02
121,series_data_save,ACOSS/ACOSS_STAT_QUARTERLY_PAYROLL_EMPLOYMENT/workforce_not_seasonally_adjusted.BZ.levels.Q,data_acoss_acoss_stat_quarterly_payroll_emplo_694a9a17,0,21,success,,2025-07-13 12:09:02
122,series_data_save,ACOSS/ACOSS_STAT_QUARTERLY_PAYROLL_EMPLOYMENT/workforce_not_seasonally_adjusted.CA.levels.Q,data_acoss_acoss_stat_quarterly_payroll_emplo_07eed14b,0,22,success,,2025-07-13 12:09:02
123,series_data_save,ACOSS/ACOSS_STAT_QUARTERLY_PAYROLL_EMPLOYMENT/workforce_not_seasonally_adjusted.CAISSE_CONGES.levels.Q,data_acoss_acoss_stat_quarterly_payroll_emplo_834d718e,0,27,success,,2025-07-13 12:09:02
124,series_data_save,ACOSS/ACOSS_STAT_QUARTERLY_PAYROLL_EMPLOYMENT/workforce_not_seasonally_adjusted.CD.levels.Q,data_acoss_acoss_stat_quarterly_payroll_emplo_168e85f9,0,100,success,,2025-07-13 12:09:02
125,series_data_save,ACOSS/ACOSS_STAT_QUARTERLY_PAYROLL_EMPLOYMENT/workforce_not_seasonally_adjusted.CB.levels.Q,data_acoss_acoss_stat_quarterly_payroll_emplo_12327334,0,39,success,,2025-07-13 12:09:02
126,series_data_save,ACOSS/ACOSS_STAT_QUARTERLY_PAYROLL_EMPLOYMENT/workforce_not_seasonally_adjusted.CC.levels.Q,data_acoss_acoss_stat_quarterly_payroll_emplo_13db6b8d,0,165,success,,2025-07-13 12:09:02
127,series_data_save,ACOSS/ACOSS_STAT_QUARTERLY_PAYROLL_EMPLOYMENT/workforce_not_seasonally_adjusted.CE.levels.Q,data_acoss_acoss_stat_quarterly_payroll_emplo_7deea5e5,0,26,success,,2025-07-13 12:09:02
128,series_data_save,ACOSS/ACOSS_STAT_QUARTERLY_PAYROLL_EMPLOYMENT/workforce_not_seasonally_adjusted.CF.levels.Q,data_acoss_acoss_stat_quarterly_payroll_emplo_a308bb71,0,37,success,,2025-07-13 12:09:02
129,series_data_save,ACOSS/ACOSS_STAT_QUARTERLY_PAYROLL_EMPLOYMENT/workforce_not_seasonally_adjusted.CG.levels.Q,data_acoss_acoss_stat_quarterly_payroll_emplo_cc158fd2,0,24,success,,2025-07-13 12:09:02
130,series_data_save,ACOSS/ACOSS_STAT_QUARTERLY_PAYROLL_EMPLOYMENT/workforce_not_seasonally_adjusted.CI.levels.Q,data_acoss_acoss_stat_quarterly_payroll_emplo_65a406aa,0,22,success,,2025-07-13 12:09:02
131,series_data_save,ACOSS/ACOSS_STAT_QUARTERLY_PAYROLL_EMPLOYMENT/workforce_not_seasonally_adjusted.CJ.levels.Q,data_acoss_acoss_stat_quarterly_payroll_emplo_bd6509e1,0,22,success,,2025-07-13 12:09:02
132,series_data_save,ACOSS/ACOSS_STAT_QUARTERLY_PAYROLL_EMPLOYMENT/workforce_not_seasonally_adjusted.CM.levels.Q,data_acoss_acoss_stat_quarterly_payroll_emplo_82f10c60,0,20,success,,2025-07-13 12:09:02
133,series_data_save,ACOSS/ACOSS_STAT_QUARTERLY_PAYROLL_EMPLOYMENT/workforce_not_seasonally_adjusted.CL.levels.Q,data_acoss_acoss_stat_quarterly_payroll_emplo_073ac382,0,39,success,,2025-07-13 12:09:02
134,series_data_save,ACOSS/ACOSS_STAT_QUARTERLY_PAYROLL_EMPLOYMENT/workforce_not_seasonally_adjusted.CH.levels.Q,data_acoss_acoss_stat_quarterly_payroll_emplo_90e185a0,0,38,success,,2025-07-13 12:09:02
135,series_data_save,ACOSS/ACOSS_STAT_QUARTERLY_PAYROLL_EMPLOYMENT/workforce_not_seasonally_adjusted.CK.levels.Q,data_acoss_acoss_stat_quarterly_payroll_emplo_03bdd8eb,0,24,success,,2025-07-13 12:09:03
136,series_data_save,ACOSS/ACOSS_STAT_QUARTERLY_PAYROLL_EMPLOYMENT/workforce_not_seasonally_adjusted.CONC_INSEE.levels.Q,data_acoss_acoss_stat_quarterly_payroll_emplo_1a2cb6c9,0,22,success,,2025-07-13 12:09:03
137,series_data_save,ACOSS/ACOSS_STAT_QUARTERLY_PAYROLL_EMPLOYMENT/workforce_not_seasonally_adjusted.EZ.levels.Q,data_acoss_acoss_stat_quarterly_payroll_emplo_9740290b,0,33,success,,2025-07-13 12:09:03
138,series_data_save,ACOSS/ACOSS_STAT_QUARTERLY_PAYROLL_EMPLOYMENT/workforce_not_seasonally_adjusted.DZ.levels.Q,data_acoss_acoss_stat_quarterly_payroll_emplo_06ec5fb1,0,20,success,,2025-07-13 12:09:03
139,series_data_save,ACOSS/ACOSS_STAT_QUARTERLY_PAYROLL_EMPLOYMENT/workforce_not_seasonally_adjusted.FZ.levels.Q,data_acoss_acoss_stat_quarterly_payroll_emplo_2f3161b3,0,20,success,,2025-07-13 12:09:03
140,series_data_save,ACOSS/ACOSS_STAT_QUARTERLY_PAYROLL_EMPLOYMENT/workforce_not_seasonally_adjusted.HZ.levels.Q,data_acoss_acoss_stat_quarterly_payroll_emplo_cba477f7,0,67,success,,2025-07-13 12:09:03
141,series_data_save,ACOSS/ACOSS_STAT_QUARTERLY_PAYROLL_EMPLOYMENT/workforce_not_seasonally_adjusted.GZ.levels.Q,data_acoss_acoss_stat_quarterly_payroll_emplo_c44dd240,0,23,success,,2025-07-13 12:09:03
142,series_data_save,ACOSS/ACOSS_STAT_QUARTERLY_PAYROLL_EMPLOYMENT/workforce_not_seasonally_adjusted.INDUSTRIE.levels.Q,data_acoss_acoss_stat_quarterly_payroll_emplo_365d445e,0,20,success,,2025-07-13 12:09:03
143,series_data_save,ACOSS/ACOSS_STAT_QUARTERLY_PAYROLL_EMPLOYMENT/workforce_not_seasonally_adjusted.INTERIM.levels.Q,data_acoss_acoss_stat_quarterly_payroll_emplo_716905d3,0,53,success,,2025-07-13 12:09:03
144,series_data_save,ACOSS/ACOSS_STAT_QUARTERLY_PAYROLL_EMPLOYMENT/workforce_not_seasonally_adjusted.ISBLSM.levels.Q,data_acoss_acoss_stat_quarterly_payroll_emplo_44fac021,0,22,success,,2025-07-13 12:09:03
145,series_data_save,ACOSS/ACOSS_STAT_QUARTERLY_PAYROLL_EMPLOYMENT/workforce_not_seasonally_adjusted.JA.levels.Q,data_acoss_acoss_stat_quarterly_payroll_emplo_172b8a42,0,21,success,,2025-07-13 12:09:03
146,series_data_save,ACOSS/ACOSS_STAT_QUARTERLY_PAYROLL_EMPLOYMENT/workforce_not_seasonally_adjusted.IZ.levels.Q,data_acoss_acoss_stat_quarterly_payroll_emplo_aea0d66d,0,23,success,,2025-07-13 12:09:03
147,series_data_save,ACOSS/ACOSS_STAT_QUARTERLY_PAYROLL_EMPLOYMENT/workforce_not_seasonally_adjusted.JB.levels.Q,data_acoss_acoss_stat_quarterly_payroll_emplo_bde1f096,0,21,success,,2025-07-13 12:09:03
148,series_data_save,ACOSS/ACOSS_STAT_QUARTERLY_PAYROLL_EMPLOYMENT/workforce_not_seasonally_adjusted.KZ.levels.Q,data_acoss_acoss_stat_quarterly_payroll_emplo_642df9ad,0,21,success,,2025-07-13 12:09:03
149,series_data_save,ACOSS/ACOSS_STAT_QUARTERLY_PAYROLL_EMPLOYMENT/workforce_not_seasonally_adjusted.JC.levels.Q,data_acoss_acoss_stat_quarterly_payroll_emplo_35653e88,0,21,success,,2025-07-13 12:09:03
150,series_data_save,ACOSS/ACOSS_STAT_QUARTERLY_PAYROLL_EMPLOYMENT/workforce_not_seasonally_adjusted.MA.levels.Q,data_acoss_acoss_stat_quarterly_payroll_emplo_bcdbcfcf,0,24,success,,2025-07-13 12:09:03
151,series_data_save,ACOSS/ACOSS_STAT_QUARTERLY_PAYROLL_EMPLOYMENT/workforce_not_seasonally_adjusted.LZ.levels.Q,data_acoss_acoss_stat_quarterly_payroll_emplo_653678c9,0,38,success,,2025-07-13 12:09:03
152,series_data_save,ACOSS/ACOSS_STAT_QUARTERLY_PAYROLL_EMPLOYMENT/workforce_not_seasonally_adjusted.MB.levels.Q,data_acoss_acoss_stat_quarterly_payroll_emplo_def24698,0,47,success,,2025-07-13 12:09:03
153,series_data_save,ACOSS/ACOSS_STAT_QUARTERLY_PAYROLL_EMPLOYMENT/workforce_not_seasonally_adjusted.N29.levels.Q,data_acoss_acoss_stat_quarterly_payroll_emplo_6c490612,0,22,success,,2025-07-13 12:09:03
154,series_data_save,ACOSS/ACOSS_STAT_QUARTERLY_PAYROLL_EMPLOYMENT/workforce_not_seasonally_adjusted.MC.levels.Q,data_acoss_acoss_stat_quarterly_payroll_emplo_7cd37b40,0,22,success,,2025-07-13 12:09:03
155,series_data_save,ACOSS/ACOSS_STAT_QUARTERLY_PAYROLL_EMPLOYMENT/workforce_not_seasonally_adjusted.N30.levels.Q,data_acoss_acoss_stat_quarterly_payroll_emplo_61f7fdcd,0,22,success,,2025-07-13 12:09:04
156,series_data_save,ACOSS/ACOSS_STAT_QUARTERLY_PAYROLL_EMPLOYMENT/workforce_not_seasonally_adjusted.N43.levels.Q,data_acoss_acoss_stat_quarterly_payroll_emplo_f0a9d091,0,53,success,,2025-07-13 12:09:04
157,series_data_save,ACOSS/ACOSS_STAT_QUARTERLY_PAYROLL_EMPLOYMENT/workforce_not_seasonally_adjusted.N42.levels.Q,data_acoss_acoss_stat_quarterly_payroll_emplo_4b5c892c,0,21,success,,2025-07-13 12:09:04
158,series_data_save,ACOSS/ACOSS_STAT_QUARTERLY_PAYROLL_EMPLOYMENT/workforce_not_seasonally_adjusted.N41.levels.Q,data_acoss_acoss_stat_quarterly_payroll_emplo_81b88c58,0,23,success,,2025-07-13 12:09:04
159,series_data_save,ACOSS/ACOSS_STAT_QUARTERLY_PAYROLL_EMPLOYMENT/workforce_not_seasonally_adjusted.N45.levels.Q,data_acoss_acoss_stat_quarterly_payroll_emplo_471760e7,0,23,success,,2025-07-13 12:09:04
160,series_data_save,ACOSS/ACOSS_STAT_QUARTERLY_PAYROLL_EMPLOYMENT/workforce_not_seasonally_adjusted.N46.levels.Q,data_acoss_acoss_stat_quarterly_payroll_emplo_ab3c4c12,0,24,success,,2025-07-13 12:09:04
161,series_data_save,ACOSS/ACOSS_STAT_QUARTERLY_PAYROLL_EMPLOYMENT/workforce_not_seasonally_adjusted.N47.levels.Q,data_acoss_acoss_stat_quarterly_payroll_emplo_05b61ef1,0,43,success,,2025-07-13 12:09:04
162,series_data_save,ACOSS/ACOSS_STAT_QUARTERLY_PAYROLL_EMPLOYMENT/workforce_not_seasonally_adjusted.N55.levels.Q,data_acoss_acoss_stat_quarterly_payroll_emplo_270f1dcf,0,22,success,,2025-07-13 12:09:04
163,series_data_save,ACOSS/ACOSS_STAT_QUARTERLY_PAYROLL_EMPLOYMENT/workforce_not_seasonally_adjusted.N56.levels.Q,data_acoss_acoss_stat_quarterly_payroll_emplo_3c3a6835,0,26,success,,2025-07-13 12:09:04
164,series_data_save,ACOSS/ACOSS_STAT_QUARTERLY_PAYROLL_EMPLOYMENT/workforce_not_seasonally_adjusted.OQ.levels.Q,data_acoss_acoss_stat_quarterly_payroll_emplo_36393c16,0,23,success,,2025-07-13 12:09:04
165,series_data_save,ACOSS/ACOSS_STAT_QUARTERLY_PAYROLL_EMPLOYMENT/workforce_not_seasonally_adjusted.OZ.levels.Q,data_acoss_acoss_stat_quarterly_payroll_emplo_3d662deb,0,21,success,,2025-07-13 12:09:04
166,series_data_save,ACOSS/ACOSS_STAT_QUARTERLY_PAYROLL_EMPLOYMENT/workforce_not_seasonally_adjusted.NZ.levels.Q,data_acoss_acoss_stat_quarterly_payroll_emplo_0fac0437,0,23,success,,2025-07-13 12:09:04
167,series_data_save,ACOSS/ACOSS_STAT_QUARTERLY_PAYROLL_EMPLOYMENT/workforce_not_seasonally_adjusted.QA.levels.Q,data_acoss_acoss_stat_quarterly_payroll_emplo_ee262968,0,22,success,,2025-07-13 12:09:04
168,series_data_save,ACOSS/ACOSS_STAT_QUARTERLY_PAYROLL_EMPLOYMENT/workforce_not_seasonally_adjusted.QB.levels.Q,data_acoss_acoss_stat_quarterly_payroll_emplo_f430d684,0,46,success,,2025-07-13 12:09:04
169,series_data_save,ACOSS/ACOSS_STAT_QUARTERLY_PAYROLL_EMPLOYMENT/workforce_not_seasonally_adjusted.RZ.levels.Q,data_acoss_acoss_stat_quarterly_payroll_emplo_f0f5c0eb,0,22,success,,2025-07-13 12:09:04
170,series_data_save,ACOSS/ACOSS_STAT_QUARTERLY_PAYROLL_EMPLOYMENT/workforce_not_seasonally_adjusted.PZ.levels.Q,data_acoss_acoss_stat_quarterly_payroll_emplo_676cdc0b,0,34,success,,2025-07-13 12:09:04
171,series_data_save,ACOSS/ACOSS_STAT_QUARTERLY_PAYROLL_EMPLOYMENT/workforce_not_seasonally_adjusted.TERTIAIRE.levels.Q,data_acoss_acoss_stat_quarterly_payroll_emplo_89449d5e,0,22,success,,2025-07-13 12:09:04
172,series_data_save,ACOSS/ACOSS_STAT_QUARTERLY_PAYROLL_EMPLOYMENT/workforce_not_seasonally_adjusted.SZ.levels.Q,data_acoss_acoss_stat_quarterly_payroll_emplo_3b5ebdaa,0,23,success,,2025-07-13 12:09:04
173,series_data_save,ACOSS/ACOSS_STAT_QUARTERLY_PAYROLL_EMPLOYMENT/workforce_not_seasonally_adjusted.TERT_INTERIM.levels.Q,data_acoss_acoss_stat_quarterly_payroll_emplo_78f6fe84,0,23,success,,2025-07-13 12:09:04
174,series_data_save,ACOSS/ACOSS_STAT_QUARTERLY_PAYROLL_EMPLOYMENT/workforce_not_seasonally_adjusted.TOT_INTERIM.levels.Q,data_acoss_acoss_stat_quarterly_payroll_emplo_ef144569,0,72,success,,2025-07-13 12:09:05
175,series_data_save,ACOSS/ACOSS_STAT_QUARTERLY_PAYROLL_EMPLOYMENT/workforce_not_seasonally_adjusted.TZ.levels.Q,data_acoss_acoss_stat_quarterly_payroll_emplo_19398089,0,104,success,,2025-07-13 12:09:05
176,series_data_save,ACOSS/ACOSS_STAT_QUARTERLY_PAYROLL_EMPLOYMENT/workforce_not_seasonally_adjusted.Tert_March.levels.Q,data_acoss_acoss_stat_quarterly_payroll_emplo_9e1077bd,0,86,success,,2025-07-13 12:09:05
177,series_data_save,ACOSS/ACOSS_STAT_QUARTERLY_PAYROLL_EMPLOYMENT/workforce_not_seasonally_adjusted.TOT.levels.Q,data_acoss_acoss_stat_quarterly_payroll_emplo_2431b0fa,0,24,success,,2025-07-13 12:09:05
178,series_data_save,ACOSS/ACOSS_STAT_QUARTERLY_PAYROLL_EMPLOYMENT/workforce_seasonally_adjusted.ASSOC.levels.Q,data_acoss_acoss_stat_quarterly_payroll_emplo_064f0f3b,0,22,success,,2025-07-13 12:09:05
179,series_data_save,ACOSS/ACOSS_STAT_QUARTERLY_PAYROLL_EMPLOYMENT/workforce_seasonally_adjusted.BTP.levels.Q,data_acoss_acoss_stat_quarterly_payroll_emplo_dd105baf,0,36,success,,2025-07-13 12:09:05
180,series_data_save,ACOSS/ACOSS_STAT_QUARTERLY_PAYROLL_EMPLOYMENT/workforce_seasonally_adjusted.CA.levels.Q,data_acoss_acoss_stat_quarterly_payroll_emplo_7554b119,0,24,success,,2025-07-13 12:09:05
181,series_data_save,ACOSS/ACOSS_STAT_QUARTERLY_PAYROLL_EMPLOYMENT/workforce_seasonally_adjusted.BZ.levels.Q,data_acoss_acoss_stat_quarterly_payroll_emplo_dbe1621a,0,22,success,,2025-07-13 12:09:05
182,series_data_save,ACOSS/ACOSS_STAT_QUARTERLY_PAYROLL_EMPLOYMENT/workforce_seasonally_adjusted.CAISSE_CONGES.levels.Q,data_acoss_acoss_stat_quarterly_payroll_emplo_6258c4db,0,29,success,,2025-07-13 12:09:05
183,series_data_save,ACOSS/ACOSS_STAT_QUARTERLY_PAYROLL_EMPLOYMENT/workforce_seasonally_adjusted.CB.levels.Q,data_acoss_acoss_stat_quarterly_payroll_emplo_6b37cfa8,0,23,success,,2025-07-13 12:09:05
184,series_data_save,ACOSS/ACOSS_STAT_QUARTERLY_PAYROLL_EMPLOYMENT/workforce_seasonally_adjusted.CC.levels.Q,data_acoss_acoss_stat_quarterly_payroll_emplo_0e00cda9,0,24,success,,2025-07-13 12:09:05
185,series_data_save,ACOSS/ACOSS_STAT_QUARTERLY_PAYROLL_EMPLOYMENT/workforce_seasonally_adjusted.CD.levels.Q,data_acoss_acoss_stat_quarterly_payroll_emplo_027b4609,0,32,success,,2025-07-13 12:09:05
186,series_data_save,ACOSS/ACOSS_STAT_QUARTERLY_PAYROLL_EMPLOYMENT/workforce_seasonally_adjusted.CE.levels.Q,data_acoss_acoss_stat_quarterly_payroll_emplo_5d553dcb,0,22,success,,2025-07-13 12:09:05
187,series_data_save,ACOSS/ACOSS_STAT_QUARTERLY_PAYROLL_EMPLOYMENT/workforce_seasonally_adjusted.CF.levels.Q,data_acoss_acoss_stat_quarterly_payroll_emplo_1b0d0055,0,23,success,,2025-07-13 12:09:05
188,series_data_save,ACOSS/ACOSS_STAT_QUARTERLY_PAYROLL_EMPLOYMENT/workforce_seasonally_adjusted.CG.levels.Q,data_acoss_acoss_stat_quarterly_payroll_emplo_aba52589,0,23,success,,2025-07-13 12:09:05
189,series_data_save,ACOSS/ACOSS_STAT_QUARTERLY_PAYROLL_EMPLOYMENT/workforce_seasonally_adjusted.CI.levels.Q,data_acoss_acoss_stat_quarterly_payroll_emplo_bb0e648b,0,56,success,,2025-07-13 12:09:05
190,series_data_save,ACOSS/ACOSS_STAT_QUARTERLY_PAYROLL_EMPLOYMENT/workforce_seasonally_adjusted.CH.levels.Q,data_acoss_acoss_stat_quarterly_payroll_emplo_845b45de,0,40,success,,2025-07-13 12:09:05
191,series_data_save,ACOSS/ACOSS_STAT_QUARTERLY_PAYROLL_EMPLOYMENT/workforce_seasonally_adjusted.CJ.levels.Q,data_acoss_acoss_stat_quarterly_payroll_emplo_3e9d53ba,0,52,success,,2025-07-13 12:09:05
192,series_data_save,ACOSS/ACOSS_STAT_QUARTERLY_PAYROLL_EMPLOYMENT/workforce_seasonally_adjusted.CK.levels.Q,data_acoss_acoss_stat_quarterly_payroll_emplo_335db307,0,38,success,,2025-07-13 12:09:05
193,series_data_save,ACOSS/ACOSS_STAT_QUARTERLY_PAYROLL_EMPLOYMENT/workforce_seasonally_adjusted.CL.levels.Q,data_acoss_acoss_stat_quarterly_payroll_emplo_0f8cd06c,0,23,success,,2025-07-13 12:09:06
194,series_data_save,ACOSS/ACOSS_STAT_QUARTERLY_PAYROLL_EMPLOYMENT/workforce_seasonally_adjusted.CONC_INSEE.levels.Q,data_acoss_acoss_stat_quarterly_payroll_emplo_0d3b9e3c,0,25,success,,2025-07-13 12:09:06
195,series_data_save,ACOSS/ACOSS_STAT_QUARTERLY_PAYROLL_EMPLOYMENT/workforce_seasonally_adjusted.CM.levels.Q,data_acoss_acoss_stat_quarterly_payroll_emplo_a9f3379c,0,30,success,,2025-07-13 12:09:06
196,series_data_save,ACOSS/ACOSS_STAT_QUARTERLY_PAYROLL_EMPLOYMENT/workforce_seasonally_adjusted.DZ.levels.Q,data_acoss_acoss_stat_quarterly_payroll_emplo_e8d5427d,0,23,success,,2025-07-13 12:09:06
197,series_data_save,ACOSS/ACOSS_STAT_QUARTERLY_PAYROLL_EMPLOYMENT/workforce_seasonally_adjusted.EZ.levels.Q,data_acoss_acoss_stat_quarterly_payroll_emplo_889c7cdb,0,47,success,,2025-07-13 12:09:06
198,series_data_save,ACOSS/ACOSS_STAT_QUARTERLY_PAYROLL_EMPLOYMENT/workforce_seasonally_adjusted.FZ.levels.Q,data_acoss_acoss_stat_quarterly_payroll_emplo_72c9ad93,0,40,success,,2025-07-13 12:09:06
199,series_data_save,ACOSS/ACOSS_STAT_QUARTERLY_PAYROLL_EMPLOYMENT/workforce_seasonally_adjusted.GZ.levels.Q,data_acoss_acoss_stat_quarterly_payroll_emplo_4a3a9a74,0,37,success,,2025-07-13 12:09:06
200,series_data_save,ACOSS/ACOSS_STAT_QUARTERLY_PAYROLL_EMPLOYMENT/workforce_seasonally_adjusted.HZ.levels.Q,data_acoss_acoss_stat_quarterly_payroll_emplo_0daeb515,0,23,success,,2025-07-13 12:09:06
201,series_data_save,ACOSS/ACOSS_STAT_QUARTERLY_PAYROLL_EMPLOYMENT/workforce_seasonally_adjusted.INDUSTRIE.levels.Q,data_acoss_acoss_stat_quarterly_payroll_emplo_a503da38,0,29,success,,2025-07-13 12:09:06
202,series_data_save,ACOSS/ACOSS_STAT_QUARTERLY_PAYROLL_EMPLOYMENT/workforce_seasonally_adjusted.INTERIM.levels.Q,data_acoss_acoss_stat_quarterly_payroll_emplo_a5e2f8f2,0,23,success,,2025-07-13 12:09:06
203,series_data_save,ACOSS/ACOSS_STAT_QUARTERLY_PAYROLL_EMPLOYMENT/workforce_seasonally_adjusted.JA.levels.Q,data_acoss_acoss_stat_quarterly_payroll_emplo_8262ed89,0,23,success,,2025-07-13 12:09:06
204,series_data_save,ACOSS/ACOSS_STAT_QUARTERLY_PAYROLL_EMPLOYMENT/workforce_seasonally_adjusted.IZ.levels.Q,data_acoss_acoss_stat_quarterly_payroll_emplo_46968226,0,25,success,,2025-07-13 12:09:06
205,series_data_save,ACOSS/ACOSS_STAT_QUARTERLY_PAYROLL_EMPLOYMENT/workforce_seasonally_adjusted.JB.levels.Q,data_acoss_acoss_stat_quarterly_payroll_emplo_16e31af7,0,24,success,,2025-07-13 12:09:06
206,series_data_save,ACOSS/ACOSS_STAT_QUARTERLY_PAYROLL_EMPLOYMENT/workforce_seasonally_adjusted.JC.levels.Q,data_acoss_acoss_stat_quarterly_payroll_emplo_19deff5f,0,24,success,,2025-07-13 12:09:06
207,series_data_save,ACOSS/ACOSS_STAT_QUARTERLY_PAYROLL_EMPLOYMENT/workforce_seasonally_adjusted.KZ.levels.Q,data_acoss_acoss_stat_quarterly_payroll_emplo_ec4482e7,0,25,success,,2025-07-13 12:09:06
208,series_data_save,ACOSS/ACOSS_STAT_QUARTERLY_PAYROLL_EMPLOYMENT/workforce_seasonally_adjusted.LZ.levels.Q,data_acoss_acoss_stat_quarterly_payroll_emplo_dd9a77a1,0,25,success,,2025-07-13 12:09:06
209,series_data_save,ACOSS/ACOSS_STAT_QUARTERLY_PAYROLL_EMPLOYMENT/workforce_seasonally_adjusted.MA.levels.Q,data_acoss_acoss_stat_quarterly_payroll_emplo_daf12b92,0,24,success,,2025-07-13 12:09:06
210,series_data_save,ACOSS/ACOSS_STAT_QUARTERLY_PAYROLL_EMPLOYMENT/workforce_seasonally_adjusted.MB.levels.Q,data_acoss_acoss_stat_quarterly_payroll_emplo_9fd181d9,0,26,success,,2025-07-13 12:09:06
211,series_data_save,ACOSS/ACOSS_STAT_QUARTERLY_PAYROLL_EMPLOYMENT/workforce_seasonally_adjusted.MC.levels.Q,data_acoss_acoss_stat_quarterly_payroll_emplo_930c9a70,0,25,success,,2025-07-13 12:09:06
212,series_data_save,ACOSS/ACOSS_STAT_QUARTERLY_PAYROLL_EMPLOYMENT/workforce_seasonally_adjusted.N29.levels.Q,data_acoss_acoss_stat_quarterly_payroll_emplo_aa15db40,0,40,success,,2025-07-13 12:09:06
213,series_data_save,ACOSS/ACOSS_STAT_QUARTERLY_PAYROLL_EMPLOYMENT/workforce_seasonally_adjusted.N30.levels.Q,data_acoss_acoss_stat_quarterly_payroll_emplo_4e3f78c3,0,63,success,,2025-07-13 12:09:07
214,series_data_save,ACOSS/ACOSS_STAT_QUARTERLY_PAYROLL_EMPLOYMENT/workforce_seasonally_adjusted.N42.levels.Q,data_acoss_acoss_stat_quarterly_payroll_emplo_b12877c7,0,37,success,,2025-07-13 12:09:07
215,series_data_save,ACOSS/ACOSS_STAT_QUARTERLY_PAYROLL_EMPLOYMENT/workforce_seasonally_adjusted.N41.levels.Q,data_acoss_acoss_stat_quarterly_payroll_emplo_2fa52e1c,0,72,success,,2025-07-13 12:09:07
216,series_data_save,ACOSS/ACOSS_STAT_QUARTERLY_PAYROLL_EMPLOYMENT/workforce_seasonally_adjusted.N43.levels.Q,data_acoss_acoss_stat_quarterly_payroll_emplo_3260b631,0,31,success,,2025-07-13 12:09:07
217,series_data_save,ACOSS/ACOSS_STAT_QUARTERLY_PAYROLL_EMPLOYMENT/workforce_seasonally_adjusted.N46.levels.Q,data_acoss_acoss_stat_quarterly_payroll_emplo_2d8abead,0,23,success,,2025-07-13 12:09:07
218,series_data_save,ACOSS/ACOSS_STAT_QUARTERLY_PAYROLL_EMPLOYMENT/workforce_seasonally_adjusted.N47.levels.Q,data_acoss_acoss_stat_quarterly_payroll_emplo_71efa1c1,0,84,success,,2025-07-13 12:09:07
219,series_data_save,ACOSS/ACOSS_STAT_QUARTERLY_PAYROLL_EMPLOYMENT/workforce_seasonally_adjusted.N55.levels.Q,data_acoss_acoss_stat_quarterly_payroll_emplo_dee3aca4,0,43,success,,2025-07-13 12:09:07
220,series_data_save,ACOSS/ACOSS_STAT_QUARTERLY_PAYROLL_EMPLOYMENT/workforce_seasonally_adjusted.N56.levels.Q,data_acoss_acoss_stat_quarterly_payroll_emplo_49e87b12,0,25,success,,2025-07-13 12:09:07
221,series_data_save,ACOSS/ACOSS_STAT_QUARTERLY_PAYROLL_EMPLOYMENT/workforce_seasonally_adjusted.NZ.levels.Q,data_acoss_acoss_stat_quarterly_payroll_emplo_0a97b3ab,0,24,success,,2025-07-13 12:09:07
222,series_data_save,ACOSS/ACOSS_STAT_QUARTERLY_PAYROLL_EMPLOYMENT/workforce_seasonally_adjusted.OZ.levels.Q,data_acoss_acoss_stat_quarterly_payroll_emplo_eb9af1cb,0,24,success,,2025-07-13 12:09:07
223,series_data_save,ACOSS/ACOSS_STAT_QUARTERLY_PAYROLL_EMPLOYMENT/workforce_seasonally_adjusted.OQ.levels.Q,data_acoss_acoss_stat_quarterly_payroll_emplo_5e1dddcf,0,26,success,,2025-07-13 12:09:07
224,series_data_save,ACOSS/ACOSS_STAT_QUARTERLY_PAYROLL_EMPLOYMENT/workforce_seasonally_adjusted.PZ.levels.Q,data_acoss_acoss_stat_quarterly_payroll_emplo_57ccea15,0,67,success,,2025-07-13 12:09:07
225,series_data_save,ACOSS/ACOSS_STAT_QUARTERLY_PAYROLL_EMPLOYMENT/workforce_seasonally_adjusted.QA.levels.Q,data_acoss_acoss_stat_quarterly_payroll_emplo_895f1da7,0,25,success,,2025-07-13 12:09:07
226,series_data_save,ACOSS/ACOSS_STAT_QUARTERLY_PAYROLL_EMPLOYMENT/workforce_seasonally_adjusted.QB.levels.Q,data_acoss_acoss_stat_quarterly_payroll_emplo_37e64388,0,33,success,,2025-07-13 12:09:07
227,series_data_save,ACOSS/ACOSS_STAT_QUARTERLY_PAYROLL_EMPLOYMENT/workforce_seasonally_adjusted.RZ.levels.Q,data_acoss_acoss_stat_quarterly_payroll_emplo_92e5e3f3,0,25,success,,2025-07-13 12:09:07
228,series_data_save,ACOSS/ACOSS_STAT_QUARTERLY_PAYROLL_EMPLOYMENT/workforce_seasonally_adjusted.SZ.levels.Q,data_acoss_acoss_stat_quarterly_payroll_emplo_2f194bcb,0,39,success,,2025-07-13 12:09:07
229,series_data_save,ACOSS/ACOSS_STAT_QUARTERLY_PAYROLL_EMPLOYMENT/workforce_seasonally_adjusted.TERTIAIRE.levels.Q,data_acoss_acoss_stat_quarterly_payroll_emplo_d08b6b01,0,95,success,,2025-07-13 12:09:08
230,series_data_save,ACOSS/ACOSS_STAT_QUARTERLY_PAYROLL_EMPLOYMENT/workforce_seasonally_adjusted.TOT.levels.Q,data_acoss_acoss_stat_quarterly_payroll_emplo_94f406e1,0,171,success,,2025-07-13 12:09:08
231,series_data_save,ACOSS/ACOSS_STAT_QUARTERLY_PAYROLL_EMPLOYMENT/workforce_seasonally_adjusted.TERT_INTERIM.levels.Q,data_acoss_acoss_stat_quarterly_payroll_emplo_fe0d1e8b,0,25,success,,2025-07-13 12:09:08
232,series_data_save,ACOSS/ACOSS_STAT_QUARTERLY_PAYROLL_EMPLOYMENT/workforce_seasonally_adjusted.TOT_INTERIM.levels.Q,data_acoss_acoss_stat_quarterly_payroll_emplo_533753ff,0,24,success,,2025-07-13 12:09:08
233,series_data_save,ACOSS/ACOSS_STAT_QUARTERLY_PAYROLL_EMPLOYMENT/workforce_seasonally_adjusted.TZ.levels.Q,data_acoss_acoss_stat_quarterly_payroll_emplo_ca89fb51,0,27,success,,2025-07-13 12:09:08
234,series_data_save,ACOSS/ACOSS_STAT_QUARTERLY_PAYROLL_EMPLOYMENT/workforce_seasonally_adjusted.Tert_March.levels.Q,data_acoss_acoss_stat_quarterly_payroll_emplo_59513c5f,0,24,success,,2025-07-13 12:09:08
235,series_data_save,ACOSS/ACOSS_STAT_QUARTERLY_PAYROLL_EMPLOYMENT/workforce_seasonally_adjusted.N45.levels.Q,data_acoss_acoss_stat_quarterly_payroll_emplo_d4bb78c0,0,28,success,,2025-07-13 12:09:09
